{
  "accuracy": 0.8554502369668247,
  "macro_precision": 0.8683479532163743,
  "macro_recall": 0.8439981795426101,
  "macro_f1": 0.8496334589211132,
  "per_class": {
    "Kurdish": {
      "precision": 0.8222222222222222,
      "recall": 0.9446808510638298,
      "f1": 0.8792079207920791,
      "support": 235
    },
    "Arabic": {
      "precision": 0.9144736842105263,
      "recall": 0.7433155080213903,
      "f1": 0.8200589970501474,
      "support": 187
    }
  },
  "confusion_matrix": [
    [
      222,
      13
    ],
    [
      48,
      139
    ]
  ],
  "total_scored_words": 422,
  "total_correct": 361,
  "slice": "F",
  "mode": "knn",
  "ambiguous_summary": {
    "ar_kurdish": {
      "Arabic": 11,
      "Kurdish": 5
    },
    "ku_arabic": {
      "Kurdish": 30,
      "Arabic": 1
    },
    "arabic_name": {
      "Kurdish": 8,
      "Arabic": 4
    }
  }
}