{
  "accuracy": 0.9,
  "macro_precision": 0.8980044345898004,
  "macro_recall": 0.9055924304476769,
  "macro_f1": 0.8992153443766346,
  "per_class": {
    "Kurdish": {
      "precision": 0.8414634146341463,
      "recall": 0.9452054794520548,
      "f1": 0.8903225806451612,
      "support": 73
    },
    "Arabic": {
      "precision": 0.9545454545454546,
      "recall": 0.865979381443299,
      "f1": 0.9081081081081082,
      "support": 97
    }
  },
  "confusion_matrix": [
    [
      69,
      4
    ],
    [
      13,
      84
    ]
  ],
  "total_scored_words": 170,
  "total_correct": 153,
  "slice": "D",
  "mode": "knn",
  "ambiguous_summary": {
    "ar_kurdish": {
      "Kurdish": 8,
      "Arabic": 7
    },
    "ku_arabic": {
      "Kurdish": 10,
      "Arabic": 1
    },
    "arabic_name": {
      "Kurdish": 4,
      "Arabic": 6
    }
  }
}